FirstName,LastName
Alaa,Abdelnaby
Zaid,Abdul-Aziz
Kareem,Abdul-Jabbar
Mahmoud,Abdul-Rauf
Tariq,Abdul-Wahad
Shareef,Abdur-Rahim
Tom,Abernethy
Forest,Able
John,Abramovic
Alex,Abrines
Donald,Acker
Mark,Ackerman
Charles,Acres
Quincy,Acton
Alvan,Acy
Don,Adams
Hassan,Addison
Jaylen,Adebayo
Jordan,Adel
Michael,Adelman
Steven,Adrien
Rafael,Afflalo
Bam,Ager
Deng,Aguirre
Rick,Ahearn
Jeff,Ainge
Arron,Ajinca
Maurice,Akin
Blake,Akognon
Danny,Akoon-Purcell
Alexis,Alabi
Henry,Alarie
Josh,Alcorn
DeVaughn,Aldemir
Solomon,Aldrich
Gary,Aldridge
Furkan,Aleksinas
Cole,Alexander
LaMarcus,Alford
Chuck,Alkins
Cliff,Allen
Cory,Allison
Courtney,Allred
Joe,Allums
Victor,Almond
Steve,Alston
Rawle,Aluma
Bob,Amaechi
Grayson,Amaya
Jarrett,Aminu
Jerome,Amundson
Kadeem,Anderegg
Lavoy,Andersen
Lucius,Anderson
Malik,Anderzunas
Randy,Andriuskevicius
Ray,Anielak
Tony,Anigbogu
Odis,Ansley
Lance,Anstey
Darrell,Antetokounmpo
Morris,Anthony
Derrick,Antic
Rafer,Anunoby
Peter,Appling
Ashraf,Araujo
Al-Farouq,Arceneaux
Lou,Archibald
Chris,Arcidiacono
David,Ard
Alan,Arenas
Antonio,Ariza
Daniel,Arizin
Derek,Arlauckas
Dwight,Armstrong
Eric,Arnelle
Greg,Arnette
James,Arnzen
Justin,Arroyo
Kenny,Arthur
Kim,Arthurs
Kyle,Artis
Mitchell,Asik
Nick,Askew
Richard,Askins
Ron,Asmonga
Ryan,Atha
Shandon,Atkins
Willie,Attles
Wally,Aubuchon
Martynas,Augmon
Ike,Augustin
Giannis,Augustine
Kostas,Austin
Thanasis,Avent
Carmelo,Averitt
Joel,Avery
Pero,Awtrey
OG,Ayon
Keith,Ayres
Stacey,Ayton
Nate,Azubuike
Robert,Babb
Jim,Babbitt
Gilbert,Babic
Trevor,Bach
Paul,Bacon
B.J.,Baechtold
Brandon,Bagaric
Hilton,Bagley
Tate,Bagley III
Jesse,Bailey
Jay,Bairstow
Carlos,Baker
Jamel,Baldwin IV
Omer,Balkman
Vincent,Ball
Chucky,Ballard
Alvin,Baltimore
Chet,Bamba
D.J.,Banks
Ken,Bannister
Anthony,Bantom
William,Barber
Dennis,Barbosa
Gustavo,Bardo
Deandre,Barea
Kelenna,Bargnani
Luke,Barker
Milos,Barkley
Johnny,Barksdale
Dwayne,Barnes
Dalibor,Barnett
Marvin,Barnhill
Carl,Barnhorst
Gus,Barr
Thurl,Barrett
Toby,Barron
Cameron,Barros
Norm,Barry
Vin,Bartels
Wade,Bartolome
Renaldo,Barton
Cedric,Basden
Lonzo,Baskerville
Herschel,Bass
Mo,Bassett
Gene,Baston
Marcus,Bateer
Mike,Bates
Leandro,Bates-Diop
Stephen,Batista
J.J.,Batiste
Andrea,Battie
Erick,Battier
Harrison,Battle
Harry,Batton
Matt,Batum
Dick,Baum
Norton,Baumholtz
Leo,Baxter
Thomas,Bayless
Andre,Baylor
Ernie,Baynes
Earl,Bazarevich
Dana,Bazemore
Brent,Beach
Drew,Beal
Jon,Beard
Ed,Beasley
Vic,Beaty
Will,Beaubois
Eddie,Beck
Jerry,Becker
Tim,Bedford
Maceo,Beenders
Mengke,Behagen
Billyray,Behnke
Keita,Belinelli
Esteban,Bell
Shane,Bellamy
Dave,Bembry
Nicolas,Bemoras
Frankie,Benbow
Lonny,Bender
Jerryd,Benimon
Elgin,Benjamin
Aron,Bennett
Sergei,Benoit
Kent,Benson
Bradley,Bentil
Butch,Berce
Ralph,Bergen
Zelmo,Berry
Rodrigue,Bertans
Byron,Beshore
Corey,Best
Moe,Beverley
Hank,Bhullar
Elmer,Bianchi
Marco,Biasatti
Charlie,Bibby
Raja,Biedenbach
Troy,Biedrins
Walt,Bielke
DeAndre',Bigelow
Irv,Billups
Leon,Bing
Dragan,Binion
Jonathan,Birch
Jerrelle,Bird
Benoit,Birdsong
Mario,Bishop
Mel,Biyombo
Winston,Bjelica
Ben,Blab
Ricky,Black
Walter,Blackman
Dairis,Blackwell
Davis,Blair
Del,Blake
Travis,Blakely
Patrick,Blakeney
Sim,Blalock
Al,Blaney
Andris,Blanks
Chauncey,Blanton
Khem,Blatche
Jabari,Blaylock
Larry,Bledsoe
Otis,Blevins
Gale,Block
Bismack,Bloom
Nemanja,Blossomgame
Uwe,Blount
Norman,Blue
Tarik,Bluiett
Rolando,Blume
DeJuan,Bobb
Marqus,Bobbitt
George,Bockhorn
Andray,Boerwinkle
Mookie,Bogans
Jaron,Bogdanovic
Corie,Bogues
Vander,Bogut
Trevon,Bohannon
Nelson,Bol
Arlen,Bolden
Bogdan,Bolger
Bojan,Bolomboy
Muggsy,Bolstorff
Andrew,H. Bon Salle
Etdrick,Bond
Manute,Boney
Jonah,Bonga
Bill,Bonham
Doug,Bonner
Phil,Booker
Dexter,Boone
Isaac,Booth
Devin,Boozer
Melvin,Borchardt
Calvin,Bornheimer
Curtis,Borrell
Jake,Borsavage
Lazaro,Boryla
Costic,Bosh
Vince,Bostic
Lawrence,Boston
Ruben,Boswell
Cal,Boucher
Bruce,Boumtje-Boumtje
Sam,Boven
Ira,Bowdler
Donnie,Bowen
Fred,Bowie
Winford,Bowman
Craig,Boyce
Alonzo,Boyd
Avery,Boykins
Dudley,Boykoff
Shawn,Boynes
Marques,Bozeman
Torraye,Bracey
A.J.,Brackins
Adrian,Bradds
Elton,Bradley
Terrell,Bradtke
Brad,Bragg
J.R.,Braggs
Pete,Bramlett
Jamison,Branch
Ronnie,Brand
Primoz,Brandon
Frank,Brannum
Junior,Branson
Mikal,Brasco
Miles,Bratz
Audley,Braun
Isaiah,Breaux
Allan,Bremer
Tyrone,Brennan
Wayman,Breuer
Malcolm,Brewer
Price,Brezec
Aaron,Brian
Dillon,Brickowski
Kevin,Bridgeman
MarShon,Bridges
Scott,Brightman
Bobby,Brindley
Damone,Briscoe
Dee,Brisker
Ernest,Bristow
Gerald,Britt
Harold,Brittain
Kedrick,Britton
Kwame,Brockman
Lewis,Broekhoff
Lorenzo,Brogan
Markel,Brogdon
Myron,Brokaw
P.J.,Brookfield
Raymond,Brooks
Rickey,Brown
Roger,Brown Jr.
Shannon,Browne
Stan,Brundy
Sterling,Brunson
Tierre,Brussino
Stanley,Bryant
Jalen,Bryn
Emmette,Buckhalter
Kobe,Bucknall
Wallace,Buckner
Torgeir,Budd
Cleveland,Budinger
Quinn,Budko
Chase,Buechler
Jud,Buford
Rodney,Bullard
Reggie,Bullock
Luther,Bunch
Pat,Bunt
Trey,Buntin
Alec,Burden
Jack,Burke
Evers,Burkman
Art,Burks
Deonte,Burleson
Brian,Burmaster
Caron,Burns
Da'Sean,Burrell
Jackie,Burris
Jimmy,Burrough
Rasual,Burrow
Marty,Burton
Tommy,Burtt
Zarko,Buse
Barney,Butch
Bruno,Butcher
Jason,Butler
Gerry,Buycks
Jose,Byars
Kentavious,Bynum
Corky,Byrnes
Demetrius,Bytzura
Mack,Cabarkapa
Elden,Cable
Clint,Caboclo
Howie,Caffey
Geno,Cage
Antoine,Calabrese
Austin,Calathes
M.L.,Calderon
DeMarre,Caldwell
Howard,Caldwell-Pope
Jevon,Calhoun
Wendell,Calip
Cornelius,Callahan
Omri,Calloway
Harvey,Calverley
Terry,Calvin
Sid,Cambridge
Kelvin,Camby
Duane,Campbell
Tyler,Canaan
Lionel,Cannon
Wilt,Capela
Tyson,Caracter
Wilson,Cardinal
Rex,Carl
Len,Carlisle
Calbert,Carlson
Randolph,Carney
Leroy,Carpenter
Marquese,Carr
Dionte,Carrington
Rakeem,Carroll
Semaj,Barry Carroll
Archie,Carruth
Ian,Carter
Keon,Carter Jr.
Coty,Carter-Williams
Gian,Cartwright
Speedy,Carty
Mateen,Caruso
Antonius,Cash
Nat,Cassell
Marion,Casspi
Norris,Catchings
E.C.,Catledge
Bimbo,Catlett
Jarron,Cato
Mardy,Cattage
Sherron,Cauley-Stein
Zach,Caupain
Darren,Causwell
Bonzie,Cavanaugh
Sean,Cavenall
Dallas,Ceballos
Lester,Celestand
Bert,Cervi
Daequan,Chalmers
Darwin,Chamberlain
Omar,Chambers
Wayne,Champion
Hollis,Chandler
Lanard,Chaney
Bryce,Chapman
DeMarcus,Chappell
Wesley,Charles
Allen,Chealey
Torrey,Cheaney
Freddie,Cheeks
Jamal,Chenier
Hal,Cherry
Javaris,Chievous
Dillard,Chilcutt
Jeffrey,Childress
Russell,Childs
Francis,Chiozza
Jae,Chollet
Vonteego,Chones
Billy,Chriss
Dante,Christ
Jared,Christensen
Radisav,Christian
Armand,Christie
Fran,Christmas
Dell,Christon
Eddy,Christopher
JamesOn,Churchwell
Seth,Clark
Rastko,Clarke
Quintin,Clarkson
Samuel,Clavell
Erik,Claver
Lloyd,Claxton
Marquis,Cleamons
Sasha,Cleaves
Yinka,Clemens
Gigi,Cleveland
Kornel,Clifton
Jermareo,Closs
Aubrey,Cloyd
Baron,Cluggish
Dale,Clyde
Deyonta,Coffey
Double,Cofield
Edward,Coker
Emanual,Cole
Glen,Coleman
Hubert,Coles
Monti,Collier
Darryl,Collins
Branden,Collinsworth
Todd,Collison
Nando,Colone
DeMar,Colson
Dewayne,Colter
Red,Combs
Vinny,Comegys
Bison,Comley
Angel,Conley
Matthew,Conlin
Fennis,Conlon
Luol,Connaughton
Blaine,Conner
Rod,Connors
Donte,Conroy
Cheick,Cook
Hamidou,Cooke
Boris,Cooley
Yakhouba,Cooper
Guillermo,Copa
Dan,Copeland
Kaniel,Corbin
Derrek,Corchiani
Gorgui,Corley
Connie,Corzine
Coby,Costello
Mickey,Cotton
Spencer,Coughran
DeSagana,Counts
Vlade,Courtin
Juan,Courtney
Aleksandar,Cousin
Luka,Cousins
Keyon,Cousy
Jacky,Covington
Joey,Cowens
Damyean,Cox
Sherman,Crabbe
Toney,Craig
Zabian,Crawford
Milton,Creek
PJ,Creighton
Goran,Crevier
Zoran,Crisler
Clyde,Crispin
Predrag,Criss
Duje,Crite
Andy,Crittenton
Kris,Crocker
T.R.,Crompton
Ronald,Crosby
Ledell,Croshere
Acie,Cross
Cleanthony,Crossin
Ndudi,Crotty
Jarell,Crow
Tyus,Crowder
Blue,Cummings
Corsley,Cunningham
Franklin,Curcic
Lonnie,Cure
Obinna,Cureton
Khalid,Curley
Alexander,Curran
Bo,Curry
LaPhonso,Cvetkovic
LeRon,D'Antoni
Monta,Dahler
Pervis,Dailey
Francisco,Dalembert
Ned,Dallmar
Claude,Dampier
Jojo,Dandridge
Semih,Daniels
Julius,Danilovic
Evan,Dantley
Vincenzo,Darcey
Jacob,Darden
Jawun,Dare
Jeremy,Dark
Tyreke,Darrow
Christian,Datome
Festus,Daugherty
Kenneth,David
Desmon,Davidson
Vitor,Davies
Jamie,Davis
Kay,D Davis
Cristiano,Dawkins
Carrick,Dawson
Noel,Day
Desmond,Daye
Terrance,De Colo
Rudy,DeBusschere
Yogi,DeClercq
Arnie,DeLong
Kyrylo,DeRozan
Landry,DeZonie
Dorian,Deane
Vern,Dedmon
Luis,Dees
Sleepy,Dehere
Jonny,Dehnert
Levi,Dejean-Jones
Bryn,Dekker
Alphonso,Del Negro
Alton,Delaney
Sharrod,Dele
Sherell,Delfino
T.J.,Delgado
Bayard,Delk
Joseph,Dellavedova
Antonis,Dembo
Tremaine,Demic
De'Aaron,Demps
Adonal,Dempsey
Richie,Deng
Tellis,Dennard
Jamaal,Denning
Jimmer,Dentmon
World,Denton
Frido,Derline
Channing,Derrickson
Bernie,Deutsch
Herm,Devlin
Hiram,DiGregorio
Markelle,DiVincenzo
Wenyen,Dial
Reece,Diallo
Sundiata,Diaw
Chad,Diawara
Danilo,Diaz
Langston,Dickau
Jorge,Dickens
Patricio,Dickerson
Marlon,Dickey
Dean,Diener
Diante,Dieng
Eldo,Dierking
Rowland,Dietrick
Kiwane,Dillard
Marc,Dille
Pau,Dillon
Mickael,Dinkins
Devean,Dinwiddie
Gorham,Diogu
Taj,Diop
Ward,Dischinger
Shai,Diute
Kendall,Divac
Armen,Dixon
Artis,Djordjevic
Manu,Dodd
Gordan,Doleac
Mickell,Dolhon
Georgi,Doll
Clarence,Donaldson
Dion,Doncic
Andreas,Donham
Grant,Donovan
Gail,Dooling
Wilfred,Dorsey
Lancaster,Dotson
Marcin,Douby
Bato,Douglas
Devonte',Douglas-Roberts
Mal,Dove
Orlando,Dowdell
Treveon,Downey
Stewart,Downing
Bud,Doyle
Horace,Dozier
Jerami,Dragic
Jerian,Dreiling
Evric,Drew
Leonard,Drew II
Stuart,Drexler
Sylvester,Driggers
Wyndol,Driscoll
A.C.,Drobnjak
Draymond,Drollinger
JaMychal,Drummond
Lamar,DuVal
Litterial,Duckett
Si,Duckworth
Sidney,Dudley
Taurean,Duerod
Orien,Duffy
Lynn,Duhon
Taylor,Dukan
Petur,Dukes
Andres,Dumars
Coulby,Dumas
Ha,Duncan
Hamed,Dunleavy
Glenn,Dunn
Happy,Dupree
Lindsay,Durant
Shaler,Duren
Darvin,Durham
Roylee,Durrant
Tang,Durrett
Zendon,Dwan
Geert,Dykema
AJ,Dyker
Darrin,Dyson
Cecil,Eackles
Dusty,Eakins
Rollen,Earl
Lars,Earle
Anfernee,Early
Skip,Eaton
Montrezl,Eaves
Adam,Ebanks
Othella,Ebben
Elias,Eberhard
Lucious,Ebi
Manny,Eddie
Terrel,Eddleman
Tobias,Edelin
Shaquille,Edmonson
Donnell,Edney
Clem,Edwards
Udonis,Egan
Trenton,Eggleston
Kirk,Ehlers
Hersey,Ehlo
Juaquin,Eichhorst
Marshall,Eisley
Elvin,Ekezie
Jarvis,El-Amin
Nigel,Eliason
Gordon,Elie
Lazar,Ellefson
Brendan,Ellenson
Garfield,Ellington
Conner,Elliott
Myke,Ellis
Skeeter,Ellison
Xavier,Elmore
Juancho,Elson
Willy,Elston
Roy,Ely
JJ,Embiid
Buddy,Embry
Haywood,Emmett
#VALUE!,Endress
Armond,Engler
Cleo,Englestad
Herbert,English
Darrun,Englund
Darnell,Ennis
Lew,Ennis III
Darington,Epps
Adolph,Erden
"Bear,",Erias
Jrue,Erickson
Wilbur,Erving
Essie,Eschmeyer
Rondae,Eskridge
Richaun,Esposito
Jerald,Eubanks
Scotty,Evans
Cedrick,Ewing
Tito,Exum
Wilmer,Eyenga
Danuel,Ezeli
Juwan,Ezersky
Bailey,Fabel
Marcelo,Fairchild
Alfredrick,Farbman
Robbie,Faried
Les,Farley
Lindsey,Farmar
Othello,Farmer
RJ,Faught
Geoff,Faverani
Chandler,Favors
Serge,Fazekas
Zydrunas,Fedor
Mile,Feerick
Ersan,Feher
Darrall,Feick
Damien,Feiereisel
Kyrie,Feigenbaum
Royal,Feitl
Wes,Felder
Jaren,Felicio
Jermaine,Felix
Pierre,Felton
Randell,Fendley
Tracy,Fenley
Wardell,Ferguson
Winfred,Fernandez
Casey,Fernsten
Bernard,Ferrari
Damion,Ferreira
LeBron,Ferrell
Antawn,Ferrin
Marko,Ferry
Sarunas,Fesenko
Nathan,Fields
Abdul,Filipek
Othyus,Fillmore
Amile,Finkel
Dontell,Finley
Jonas,Finn
Pooh,Finney-Smith
Britton,Fish
Alize,Fisher
Amir,Fitch
Armon,Fitzgerald
BJ,Fizer
Brice,Fleishman
Buck,Fleming
Carldell,Flores
Clay,Flowers
Clemon,Floyd
Dakari,Flynn
DeMarco,Fogle
DerMarr,Foley
Ervin,Fontaine
Ivan,Foote
JaJuan,Forbes
Kannard,Ford
Lee,Forman
Linton,Forrest
Lynbert,Forte
Magic,Fortson
Neil,Foster
Ollie,Fotsis
Omari,Fournier
Rich,Foust
Steffond,Fowler
Vinnie,Fowlkes
Darius,Fox
Nikola,Foye
Askia,Foyle
Caldwell,Frahm
Dahntay,Francis
Damian,Frank
Damon,Frankel
DeQuan,Franklin
Dominique,Frazier
Dontae',Frazier Jr.
Edgar,Frederick
Jemerrio,Fredette
Jumaine,Free
K.C.,Freeland
Major,Freeman
Ozell,Freije
Popeye,Frey
Robin,Friend
Shelton,Frink
Terrence,Fritsche
Wali,Frye
Wil,Fryer
Perry,Fucarino
Adonis,Fuetsch
Noble,Fulks
Garth,Fuller
Yvon,Fultz
Edwin,Funderburke
Enes,Furlow
Sergey,Gabor
Wilbert,Gabriel
Clark,Gadzuric
Gerard,Gaffney
Eugene,Gai
Lari,R. Gainer
Viktor,Gaines
Warren,Gale
Albert,Gallagher
Maury,Gallatin
Tarence,Gallinari
Andrei,Galloway
Kerry,Gambee
Maxi,Gamble
Linas,Gantt
Brandin,Garbajosa
Brevin,Garces
Negele,Garcia
Bart,Gardner
Milo,Garfinkel
Yaroslav,Garino
Kosta,Garland
Arvid,Garmaker
Barry,Garner
Herb,Garnett
Viacheslav,Garrett
Nenad,Garrick
Toni,Garris
Mitch,Garrity
Rodions,Garvin
Rob,Gasol
Ibrahim,Gates
Ognjen,Gatling
Mindaugas,Gattison
Raef,Gay
Rusty,Gayda
Skal,Gaze
Oliver,Gbinije
Doron,Geary
Maciej,Gee
Trajan,Geiger
Stu,Gelabale
York,George
Stephane,Georges-Hunt
Priest,Gerard
Joffrey,Gervin
Gani,Getchell
Ty,Gianelli
Caris,Gibbs
TJ,Gibson
Emanuel,Giddens
Kurk,Gilder
Rock,Giles III
Voshon,Gilgeous-Alexander
Kawhi,Gill
Meyers,Gillery
Clifford,Gillette
Lafayette,Gilliam
Grady,Gilmore
Martin,Gilmur
Rashard,Ginobili
Shaun,Giricek
Horacio,Givens
Luc,Gladness
Kevon,Glamack
Brook,Glass
Felipe,Glenn
Raul,Glick
Plummer,Glouchkov
Kalin,Glover
Ted,Glyniadakis
Tyronn,Gminski
Timothe,Gobert
Sheldon,Godfread
Arvydas,Gola
Shelvin,Goldfaden
Vernon,Goldwire
Daryl,Gomes
J.P.,Gondrezick
Thon,Gooden
Karl,Goodrich
Moses,Goodwin
Pace,Gordon
Devyn,Gortat
Stephon,Gottlieb
Saul,Goudelock
Boban,Govedarica
Lauri,Graboski
Damir,Grace
Donny,Graham
Donyell,Grandholm
Vester,Grandison
Cartier,Granger
Cuonzo,Grant
Darrick,Grantham
Fernando,Grate
Kenyon,Graves
Larue,Gray
Slater,Grayer
Yante,Greacen
Mangok,Green
Ariel,Greene
Tharon,Greenspan
O.J.,Greenwood
DJ,Greer
Tahjere,Gregor
Rashad,Gregory
Kelly,Greig
Amal,Grekin
"Ted,",Grevey
CJ,Griffin
Jelani,Griffith
Scooter,Grigsby
KJ,Grimm
JaVale,Grimshaw
Gil,Groat
Allie,Gross
Dominic,Grote
Forrest,Groza
Carlton,Grundy
Alfonzo,Grunfeld
Mccoy,Guarilia
Roshown,Gudmundsson
Shellie,Guerin
Jerel,Gugliotta
Cozell,Guibert
Thales,Guidinger
Slava,Gunther
Jodie,Guokas
Salah,Gutierrez
Gal,Guyton
Fab,Ha
De'Anthony,Hackett
Pops,Haddadi
Porter,Haffner
Chimezie,Hagan
Loren,Hahn
Khris,Hairston
Zigmund,Haislip
Darko,Halbert
Patty,Halbrook
Elijah,Hale
Shake,Haley
Dirk,Halimon
Wat,Hall
Donovan,Halliburton
Murray,Ham
Naz,Hamer
Cuttino,Hamilton
Nazr,Hammink
Jamario,Hammonds
E'Twaun,Hammons
Lowes,Hancock
Mikki,Handlogten
Otto,Hankins
Guy,Hankinson
Elmo,Hannahs
Markieff,Hannum
Max,Hanrahan
Monte,Hans
Terence,Hansbrough
Donatas,Hansen
Johnathan,Hanson
Hanno,Hanzlik
Arnett,Harangody
Timofey,Hardaway
Emmanuel,Hardaway Jr.
Erwin,Harden
Shabazz,Harding
Gheorghe,Hardnett
Tod,Hardy
Dejounte,Hargis
Flip,Harkless
Lamond,Harkness
Dorie,Harlicka
Toure',Harmon
Dzanan,Harper
Angelo,Harpring
Jerrod,Harrell
Dikembe,Harrellson
Svi,Harrington
Makhtar,Harris
Mamadou,Harrison
Bostjan,Hart
Abdel,Hartenstein
Eduardo,Harvey
Swen,Hasbrouck
Hamady,Haskin
Boniface,Haskins
Jameer,Haslem
Louie,Hassell
Rasho,Hassett
Ivano,Hastings
Georges,Haston
Demetris,Hatton
Gaylon,Havlicek
Kurt,Hawes
Dyron,Hawkins
Joakim,Hawthorne
Nerlens,Hayes
Lucas,Hayward
Audie,Haywood
Moochie,W. Hazen
Kendrick,Hazzard
Jusuf,Head
Buckshot,Heal
Dermie,Heaney
Royce,Heard
Garland,Hearn
Fabricio,Hedderick
Semi,Heggs
Emeka,Heinsohn
Jahlil,Hemric
Elie,Henderson
Mehmet,Hendrickson
Hakeem,Hennessy
Jawann,Henriksen
Enoch,Henry
Arinze,Henson
Chinanu,Herman
Louis,Hermsen
Cedi,Hernangomez
Mac,Herren
Olumide,Herrera
Zaza,Herrmann
Milt,Herron
Togo,Hertzberg
Georgios,Hetzel
Jannero,Hewitt
Estes,Hewson
Medford,Heyman
Smush,Hezonja
Sonny,Hibbert
Cherokee,Hickey
Doyle,Hicks
Myles,Hickson
Andrae,Hield
Worthy,Higgins
Adreian,Higgs
Elfrid,High
Oleksiy,Highsmith
Wiley,Hightower
London,#VALUE!
Elliot,Hill
Loy,Hillhouse
Johan,Hilliard
Drazen,Hillman
Kevinn,Hilton
Theo,Hinrich
Scottie,Hinson
Tibor,Hirsch
Mason,Hitch
Pavel,Hite
Jakob,Hobson
Scot,Hodge
Olden,Hodges
Kristaps,Hoefer
Lavor,The Body Hoffman
Vitaly,Hogsett
Kasib,Hogue
Pablo,Hoiberg
Tayshaun,Holcomb
Laron,Holiday
Gabe,Holland
Zhou,Hollins
Dino,Hollis
Vladimir,Hollis-Jefferson
Miroslav,Holmes
Sherwin,Holstein
Igor,Holt
Chasson,Holton
Shavlik,Holub
Blair,Holup
Jamesearl,Holzman
Zeljko,Honeycutt
Eldridge,Hood
Davon,Hoover
Hub,Hopkins
Willis,Hoppen
Bryant,Hopson
Efthimios,Horan
Rodrick,Hordges
Malachi,Horford
Micheal,Horn
Quentin,Hornacek
Goebel,Horner
Ramon,Horry
Doc,Horton
Marv,Hosket
Oscar,Houbregs
Duncan,House
Flynn,House Jr.
Rumeal,Houston
Truck,Hovasse
Sergio,Howard
Magnum,Howell
Tree,Hubbard
Rajon,Hudson
Lennie,Huertas
Quinton,Huerter
Giff,Huestis
Delaney,Huffman
Damjan,Hughes
Stefano,Hummel
Bryon,Hummer
Campy,Humphrey
Cazzie,Humphries
D'Angelo,Hundley
Walker,Hunter
Domantas,Hurley
Soumaila,Huston
Cheikh,Hutchins
JaKarr,Hutchison
Samardo,Hutton
Pepe,Hyder
Dario,Iavaroni
Jeryl,Ibaka
Tomas,Iguodala
Woody,Ilgauskas
Dolph,Ilic
Ossie,Ilyasova
Russ,Imhoff
Detlef,Ingelsby
Shawnelle,Ingles
Carey,Inglis
Shea,Ingram
Thabo,Irvin
Rony,Irving
Rollie,Isaac
Mouhamed,Issel
Ansu,Iuzzolino
Collin,Iverson
Mustafa,Ivey
God,Iwundu
Tornike,Jack
Edmund,Jackson
Purvis,Jackson Jr.
Iman,Jacobs
Alexey,Jacobsen
Pascal,Jacobson
Garret,Jamerson
Jonathon,James
Kobi,Jamison
Dickey,Janisch
Diamon,Janotta
Mckinley,Jaric
Zeke,Jaros
Peyton,Jasikevicius
Talvin,Jawai
Whitey,Jeannette
Tamar,Jeelani
Uros,Jefferies
Belus,Jeffers
Bingo,Jefferson
Clinton,Jeffries
Deb,Jenkins
Donta,Jennings
Elmore,Jent
Ish,Jepsen
JR,Jerebko
Labradford,Jerrells
Nolan,Jerrett
Sammy,Jeter
Stevin,Johnsen
Theron,Johnson
Zhaire,Johnson-Odom
Rik,Johnston
Gino,Johnstone
Pape,Jokic
Vassilis,Jolliff
Rory,Jones
Odie,R. Jones
Marreese,Jones III
Felton,Jones Jr.
Tiago,Jordan
Latrell,Jordon
Nik,Jorgensen
Everette,Joseph
DeShawn,Judkins
Kebu,Kachan
Peja,Kaftan
Jarnell,Kalafat
Diamond,Kaman
Julyan,Kaminsky
Awvee,Kanter
Salim,Kaplowitz
Amar'e,Kapono
Lamont,Kappen
DaJuan,Karasev
Edmond,Karl
Sun,Kasid
Dane,Kasun
Bennie,Katkaveck
Caleb,Kauffman
Stromile,Kaun
Brett,Kautz
Zan,Kea
Yuta,Kearns
Jayson,Keefe
Edy,Keeling
Donell,Keller
Jeffery,Kelley
Roland,Kellogg
Tyshawn,Kelly
Mirza,Kelser
Sebastian,Kelso
Garrett,Kemp
Hasheem,Kempton
Justus,Kendrick
Etan,Kennard
Irving,Kennedy
Isiah,Kenon
Khyri,Kenville
Tyrus,Kerner
Brooks,Kerr
Corny,Kerris
Dijon,Kersey
Klay,Kessler
LaSalle,Ketner
Mychal,Keys
Mychel,Khryapa
Tristan,Kidd
Sindarius,Kidd-Gilchrist
Sedale,Kiffin
Sedric,Kiley
Axel,Killum
Karl-Anthony,Kilpatrick
Allonzo,Kimball
Cezary,Kimble
Nikoloz,Kimbrough
Alando,Kinch
Trent,King
Ronny,Kinney
Mirsad,Kinsey
Hedo,Kirilenko
Elston,Kirk
Ekpe,Kistler
Ime,Kitchen
Beno,Kite
Roko,Kittles
Jarrod,Kleber
Denzel,Kleine
Jan,Kleiza
Log,Klier
Jarred,Klotz
Kiki,Klueh
Ratko,Knight
Anderson,Knorek
Greivis,Knostman
Jacque,Knowles
Virgil,Knox
Gundars,Kofoed
Joao,Kojis
Floyd,Komenich
Noah,Komives
Slavko,Koncak
Stojko,Koper
Jackson,Kopicki
Dwyane,Korkmaz
Von,Kornet
Moritz,Korolev
Granville,Korver
Neal,Kosmalski
Brady,Kostecka
Foots,Kottman
Kemba,Koufos
Samaki,Kozelko
Rasheed,Kramer
Rabbit,Kraus
Casper,Krautblatt
Cornell,Kravtsov
Jameel,Krebs
Bryan,Kreklow
Hakim,Kron
Julian,Kropp
Kermit,Krstic
C.J.,Krystkowiak
Slick,Kuberski
Maalik,Kubiak
Clar.,Kuczenski
Spud,Kudelka
Briante,Kuester
Martell,Kuka
Brant,Kukoc
Bonzi,Kunnert
Bubba,Kupchak
Owen,Kupec
Jiri,Kurucs
Delonte,Kurz
Ennis,Kutluay
Lucian,Kuzma
Hubie,Kuzmic
Jahidi,Kuzminskas
Okaro,LaCour
Terrico,LaFrentz
Shayne,LaGarde
D.C.,LaRue
Morlon,LaRusso
Win,LaVine
Lenny,Labissiere
Eddielee,Lacey
Arthur,Laettner
Chuckie,Lafayette
Deron,Laimbeer
Freeman,Lalich
Hot,Lamar
Jawad,Lamb
Kenrich,Lambert
Monty,Lamp
Shammond,Lampe
Shawne,Lampley
Shelden,Landry
Sly,Landsberger
Corliss,Lane
Dedric,Lang
Jamil,Langdon
Nikita,Langford
Othell,Langhi
Kennard,Lanier
Dontonio,Lantz
Harthorne,Laprovittola
Justise,Larese
Rickie,Larkin
Voise,Laskowski
Garry,Lasme
Qyntel,Lattin
Haywoode,Lauderdale
Metta,Laurel
Bracey,Lautenbach
Brandan,Lauvergne
Delon,Lavelli
Dorell,Lavoy
Joby,Law
Lorenzen,Lawal
Sharone,Lawrence
Guerschon,Lawson
Yao,Layman
Yi,Layton
Korleone,LeVert
Thaddeus,Leaf
Trae,Leaks
Cody,Lear
Wang,Leavell
Ante,Lebo
Ivica,Leckner
,Ledo
,Lee
,Leede
,Lefkowitz
,Legler
,Lehmann
,Lemon Jr.
,Len
,Lenard
,Leonard
,Les
,Leslie
,Lester
,Lett
,Leuer
,Levane
,Lever
,Levingston
,Lewis
,Liberty
,Lichti
,Liggins
,Ligon
,Lillard
,Lin
,Lingenfelter
,Lister
,Livingston
,Livingstone
,Llamas
,Lloyd
,Lochmueller
,Lock
,Lockhart
,Loder
,Lofgran
,Lofton
,Logan
,Lohaus
,Long
,Longley
,Looney
,Lopez
,Lorthridge
,Loscutoff
,Lott
,Loughery
,Love
,Lovellette
,Lowe
,Lowery
,Lowry
,Loyd
,Lucas
,Lucas III
,Luckenbill
,Lue
,Luisi
,Lujack
,Lumpkin
,Lumpp
,Luwawu-Cabarrot
,Lydon
,Lyles
,Lynch
,Lynn
,Mac
,MacCulloch
,MacGilvray
,MacLean
,Macaluso
,Macauley
,Machado
,Macijauskas
,Mack
,Mackey
,Macklin
,Macknowski
,Macon
,Macura
,Macy
,Maddox
,Madkins
,Madsen
,Mager
,Magette
,Maggette
,Magley
,Magloire
,Mahinmi
,Mahnken
,Mahoney
,Mahorn
,Majerle
,Major
,Maker
,Malamed
,Malone
,Maloney
,Malovic
,Manakas
,Mandic
,Mangiapane
,Mann
,Manning
,Mannion
,Mantis
,Maravich
,Marble
,Marbury
,Marciulionis
,Mariaschin
,Marin
,Marion
,Marjanovic
,Markkanen
,Markota
,Marks
,Marlatt
,Marsh
,Marshall
,Martin
,Mashburn
,Masino
,Mason
,Mason Jr.
,Massenburg
,Mast
,Maten
,Mathiang
,Matthews
,Maughan
,Maxey
,Maxiell
,Maxwell
,May
,Mayberry
,Mayes
,Mayfield
,Maynor
,Mayo
,Mays
,Mazza
,Mbah a Moute
,Mbenga
,McAdoo
,Michael McAdoo
,McBride
,McCall
,McCallum
,McCann
,McCants
,McCarron
,McCarter
,McCarthy
,McCarty
,McCaskill
,McCaw
,McClain
,Hound Dog McClain
,McClintock
,McCloskey
,McCloud
,McCollum
,McConathy
,McConnell
,McCord
,McCormick
,McCoy
,McCracken
,McCray
,McCree
,McCullough
,McDaniel
,McDaniels
,McDermott
,McDonald
,McDowell
,McDyess
,McElroy
,McFarlin
,McGaha
,McGary
,McGee
,McGill
,McGinnis
,McGlocklin
,McGrady
,McGregor
,McGruder
,McGuire
,McHale
,McIlvaine
,McInnis
,McIntosh
,McKenna
,McKenzie
,McKey
,McKie
,McKinney
,McKinney-Jones
,McKinnie
,McLemore
,McLeod
,McMahon
,McMillan
,McMillen
,McMillian
,McMillon
,McMullan
,McNabb
,McNamara
,McNamee
,McNeal
,McNealy
,McNeill
,McNulty
,McPherson
,McQueen
,McRae
,McReynolds
,McRoberts
,McWilliams
,Mearns
,Medvedenko
,Mee
,Meeks
,Meely
,Meents
,Mehen
,Meineke
,Meinhold
,Mejri
,Mekel
,Melchionni
,Melo
,Melton
,Melvin
,Meminger
,Mencel
,Mengelt
,Menke
,Mensah-Bonsu
,Mercer
,Meriweather
,Meriwether
,Meschery
,Metu
,Meyer
,Meyers
,Miasek
,Micheaux
,Mickey
,Middleton
,Mihalik
,Mihm
,Mikan
,Mikkelsen
,Miksis
,Miles
,Milic
,Milicic
,Militzok
,Miller
,Mills
,Millsap
,Milton
,Miner
,Minniefield
,Minor
,Mirotic
,Misaka
,Miskiri
,Mitchell
,Mitrou-Long
,Mix
,Mlkvy
,Mobley
,Moffett
,Mogus
,Mohammed
,Moiso
,Mokeski
,Molinas
,Molis
,Moncrief
,Money
,Monia
,Monk
,Monroe
,Montero
,Montgomery
,Montross
,Moon
,Mooney
,Moore
,Moreland
,Morgan
,Morgenthaler
,Morningstar
,Morris
,Morrison
,Morrow
,Morton
,Mosley
,Moss
,Moten
,Motiejunas
,Motley
,Mottola
,Moultrie
,Mourning
,Mozgov
,Mrazovich
,Mudiay
,Mueller
,Muhammad
,Mullaney
,Mullens
,Mullin
,Mullins
,Mundt
,Munford
,Munk
,Munroe
,Murdock
,Muresan
,Murphy
,Murray
,Murrey
,Murry
,Musa
,Muscala
,Musi
,Mustaf
,Mutombo
,Muursepp
,Myers
,Mykhailiuk
,N'diaye
,Naber
,Nachamkin
,Nachbar
,Nader
,Nagel
,Nagy
,Nailon
,Najera
,Nance
,Nance Jr.
,Napier
,Napolitano
,Nash
,Nater
,Nathan
,Natt
,Naulls
,Carlos Navarro
,Ndiaye
,Ndong
,Ndour
,Neal
,Nealy
,Nedovic
,Negratti
,Nelson
,Nembhard
,Nesby
,Nessley
,Nesterovic
,Neto
,Neumann
,Nevitt
,Newbern
,Newbill
,Newble
,Newlin
,Newman
,Newmark
,Niang
,Nichols
,Nicholson
,Nickerson
,Nicks
,Niemann
,Niemiera
,Niles
,Nimphius
,Nix
,Nixon
,Noah
,Noble
,Nocioni
,Noel
,Nogueira
,Nolan
,Nolen
,Nordgaard
,Nordmann
,Norlander
,Norman
,Norris
,Norwood
,Nostrand
,Noszka
,Novak
,Nowell
,Nowitzki
,Ntilikina
,Nunn
,Nunnally
,Nurkic
,Nutt
,Nwaba
,Nwosu
,O'Bannon
,O'Boyle
,O'Brien
,O'Bryant
,O'Bryant III
,O'Connell
,O'Donnell
,O'Grady
,O'Keefe
,O'Koren
,O'Malley
,O'Neal
,O'Neale
,O'Neill
,O'Quinn
,O'Shea
,O'Shields
,O'Sullivan
,Oakley
,Oberto
,Ochefu
,Oden
,Odom
,Ogden
,Ogg
,Ohl
,Ohlbrecht
,Ojeleye
,Okafor
,Okobo
,Okogie
,Okur
,Oladipo
,Olajuwon
,Olberding
,Oldham
,Oleynick
,Olive
,Oliver
,Ollie
,Ollrich
,Olowokandi
,Olsen
,Olynyk
,Onuaku
,Orms
,Orr
,Ortiz
,Orton
,Osborne
,Osman
,Osterkorn
,Ostertag
,Othick
,Otten
,Oubre Jr.
,Outlaw
,Overton
,Owens
,Owes
,Oyedeji
,Pace
,Pachulia
,Pack
,Paddio
,Padgett
,Paige
,Paine
,Palacio
,Palazzi
,Palmer
,Panko
,Papagiannis
,Papanikolaou
,Pargo
,Parham
,Parish
,Park
,Parker
,Parkinson
,Parks
,Parr
,Parrack
,Parsley
,Parsons
,Paspalj
,Passaglia
,A. Pastushok
,Patrick
,Patterson
,Patton
,Paul
,Paulk
,Paulson
,Paultz
,Pavlovic
,Paxson
,Payak
,Payne
,Payton
,Payton II
,Pearcy
,Pecherov
,Peck
,Peeler
,Pekovic
,Pelkington
,Pellom
,Penberthy
,Penigar
,Penney
,Peplowski
,Perdue
,Perkins
,Perovic
,Perrantes
,Perry
,Person
,Peters
,Petersen
,Peterson
,Petrie
,Petro
,Petrovic
,Petruska
,Pettit
,Phegley
,Phelan
,Phelps
,Phillip
,Phillips
,Phills
,Piatkowski
,Pierce
,Pietkiewicz
,Pietrus
,Pilch
,Pinckney
,Pinkney
,Pinone
,Pinson
,Piontek
,Piotrowski
,Pippen
,Pittman
,Planinic
,Pleiss
,Plumlee
,Plummer
,Podkolzin
,Poeltl
,Polee
,Pollard
,Polson
,Polynice
,Pondexter
,Pope
,Popson
,Poquette
,Porter
,Porter Jr.
,Portis
,Portman
,Porzingis
,Posey
,Postell
,Potapenko
,Powe
,Powell
,Poythress
,Pressey
,Pressley
,Price
,Priddy
,Prigioni
,Prince
,Pritchard
,Profit
,Pruitt
,Przybilla
,Pugh
,Pullard
,Pullen
,Purvis
,Putman
,Qi
,Quarterman
,Quick
,Quinn
,Quinnett
,Rabb
,Rackley
,Rader
,Radford
,Radja
,Radmanovic
,Radojevic
,Radovich
,Raduljica
,Radziszewski
,Ragelis
,Raiken
,Rains
,Rakocevic
,Rambis
,John Ramos
,Ramsey
,Randall
,Randle
,Randolph
,Rank
,Ransey
,Ranzino
,Rasmussen
,Rathan-Mayes
,Ratkovicz
,Ratleff
,Ratliff
,Rautins
,Ray
,Raymond
,Rea
,Reaves
,Rebraca
,Recasner
,Redd
,Reddout
,Redick
,Redmond
,Reed
,Reeves
,Regan
,Rehfeldt
,Reid
,Reiner
,Reiser
,Rellford
,Rencher
,Rennicke
,Rensberger
,Rentzias
,Respert
,Restani
,Reynolds
,Rhodes
,Rice
,Richard
,Richardson
,Ray Richardson
,Richmond
,Richter
,Ricketts
,Rider
,Ridgle
,Ridnour
,Riebe
,Riffey
,Rigaudeau
,Riker
,Riley
,Rinaldi
,Riordan
,Risen
,Ritter
,Rivas
,Rivers
,Robbins
,Roberson
,Roberts
,Robertson
,Robey
,Robinson
,T. Robinson
,Robinson III
,Robinzine
,Robisch
,Rocha
,Roche
,Rock
,Rocker
,Rodgers
,Rodman
,Rodriguez
,Roe
,Rogers
,Roges
,Rohloff
,Rolle
,Rollins
,Romar
,Rondo
,Rooks
,Rose
,Rosenberg
,Rosenbluth
,Rosenstein
,Rosenthal
,Ross
,Roth
,Rothenberg
,Rottner
,Roundfield
,Roux
,Rowan
,Rowe
,Rowinski
,Rowland
,Rowsom
,Roy
,Royal
,Royer
,Rozier
,Rubio
,Rucker
,Rudd
,Rudez
,Rudometkin
,Ruffin
,Ruffner
,Ruklick
,Ruland
,Rule
,Rullo
,Rusconi
,Rush
,Russell
,Sabonis
,Sacre
,Sadowski
,Sailors
,Salley
,Salmons
,Salvadori
,Samake
,Samb
,Sampson
,Samuels
,Sanchez
,Sanders
,Santiago
,Santini
,Sappleton
,Saric
,Sasser
,Satoransky
,Satterfield
,Saul
,Sauldsberry
,Saunders
,Savage
,Savovic
,Sawyer
,Scalabrine
,Scales
,Schade
,Schadler
,Schaefer
,Schafer
,Scharnus
,Schatzman
,Schaus
,Schayes
,Schectman
,Scheffler
,Schellhase
,Schenscher
,Scherer
,Schintzius
,Schlueter
,Schnellbacher
,Schnittker
,Schoene
,Scholz
,Schoon
,Schrempf
,Schroder
,Schultz
,Schulz
,Schweitz
,Scola
,Scolari
,Scott
,Scurry
,Seals
,Sealy
,Searcy
,Sears
,See
,Sefolosha
,Seikaly
,Selbo
,Selby
,Selden
,Sellers
,Seltz
,Selvy
,Seminoff
,Sene
,Senesky
,Seraphin
,Sesay
,Sessions
,Sewell
,Sexton
,Seymour
,Shaback
,Shackleford
,Shaeffer
,Shaffer
,Shakur
,Shamet
,Shammgod
,Shannon
,Share
,Sharman
,Sharpe
,Shasky
,Shavlik
,Shaw
,Shea
,Sheffield
,Shelton
,Shengelia
,Sheppard
,Sherod
,Shipp
,Shirley
,Short
,Shouse
,Shrider
,Shue
,Shumate
,Shumpert
,Shved
,Siakam
,Sibert
,Sibley
,Sichting
,Siegfried
,Siewert
,Sikma
,Silas
,Siler
,Silliman
,Simien
,Simmons
,Simon
,Simons
,Simpkins
,Simpson
,Sims
,Singler
,Singletary
,Singleton
,Sinicola
,Sitton
,Siva
,Skiles
,Skinner
,Skoog
,Slade
,Slater
,Slaughter
,Slay
,Sloan
,Slokar
,Sluby
,Smart
,Smawley
,Smiley
,Smith
,Smith Jr.
,Smits
,Smrek
,Smyth
,Snell
,Snow
,Snyder
,Sobek
,Sobers
,Sobie
,Sojourner
,Solomon
,Somerset
,Songaila
,Sorenson
,Southerland
,Sovran
,Sow
,Spalding
,Spanarkel
,Spanoulis
,Sparrow
,Spears
,Spector
,Speights
,Spellman
,Spencer
,Spicer
,Spitzer
,Splitter
,Spoelstra
,Sprewell
,Spriggs
,Springer
,Spruill
,Stack
,Stackhouse
,Stacom
,Stallworth
,Stanczak
,Stansbury
,Starks
,Starr
,Stauskas
,Staverman
,Steele
,Steigenga
,Stepania
,Stephens
,Stephenson
,Stepheson
,Steppe
,Stevens
,Stevenson
,Stewart
,Stiemsma
,Stipanovich
,Stith
,Stivrins
,Stockton
,Stojakovic
,Stokes
,Stolkey
,Stone
,Storey
,Stoudamire
,Stoudemire
,Stovall
,Strawberry
,Strawder
,Stricker
,Strickland
,Stroeder
,Strong
,Strothers
,Stroud
,Stuckey
,Stump
,Stutz
,Suiter
,Sullinger
,Summers
,Sumner
,Sumpter
,Sun
,Sunderlage
,Sundov
,Sundvold
,Sura
,Surhoff
,Suttle
,Sutton
,Swain
,Swanigan
,Swanson
,Swartz
,Sweetney
,Swift
,Swinson
,Sy
,Sydnor
,Sykes
,Szabo
,Szczerbiak
,Tabak
,Tabuse
,Taft
,Tannenbaum
,Tarlac
,Tarpley
,Tatum
,Tavares
,Taylor
,Teagle
,Teague
,Teletovic
,Telfair
,Temple
,Teodosic
,Terrell
,Terry
,Thabeet
,Thacker
,Theis
,Theus
,Thibeaux
,Thieben
,Thigpen
,Thirdkill
,Thomas
,Thompkins
,Thompson
,Thorn
,Thornton
,Thornwell
,Thorpe
,Threatt
,Thurmond
,Thurston
,Tidrick
,Tieman
,Tillis
,Tingle
,Tinsley
,Tisdale
,Tobey
,Todorovich
,Tolbert
,Tolliver
,Tolson
,Tomjanovich
,Toney
,Tonkovich
,Toolson
,Toomay
,Toone
,Torgoff
,Tormohlen
,Torres
,Tosheff
,Tough
,Toupane
,Towe
,Tower
,Towery
,Townes
,Towns
,Townsend
,Trapp
,Traylor
,Trent
,Trent Jr.
,Trepagnier
,Tresvant
,Trier
,Triptow
,Tripucka
,Trybanski
,Tsakalidis
,Tschogl
,Tsioropoulos
,Tskitishvili
,Tucker
,Turiaf
,Turkcan
,Turkoglu
,Turner
,Turpin
,Twardzik
,Twyman
,Tyler
,Tyra
,Ubiles
,Udoh
,Udoka
,Udrih
,Ukic
,Ulis
,Unseld
,Uplinger
,Upshaw
,Uthoff
,Uzoh
,Vaden
,Valanciunas
,Valentine
,Vallely
,Van Arsdale
,Van Breda Kolff
,Van Exel
,Van Horn
,Van Lier
,VanVleet
,Vance
,Vander Velden
,Vanderbilt
,Vandeweghe
,Vanos
,Vanterpool
,Varda
,Varejao
,Varnado
,Vasquez
,Vaughn
,Vaught
,Verga
,Verhoeven
,Vesely
,Vetra
,Vianna
,Villanueva
,Vincent
,Vinicius
,Vinson
,Voce
,Volker
,Volkov
,Von Nieda
,Vonleh
,Voskuhl
,Vranes
,Vrankovic
,Vroman
,Vucevic
,Vujacic
,Wade
,Wafer
,Wager
,Wagner
,Waiters
,Wakefield
,Walk
,Walker
,Walker IV
,Wall
,Wallace
,Waller
,Walsh
,Walters
,Walther
,Walthour
,Walton
,Walton Jr.
,Wanamaker
,Wanzer
,Warbington
,Ward
,Ware
,Warley
,Warlick
,Warner
,Warney
,Warren
,Warrick
,Washburn
,Washington
,Watanabe
,Watkins
,Watson
,Watts
,Wayns
,Wear
,Weatherspoon
,Weaver
,Webb
,Webb III
,Webber
,Weber
,Webster
,Wedman
,Weems
,Wehr
,Weidner
,Weiss
,Weitzman
,Wells
,Welp
,Welsch
,Welsh
,Wennington
,Wenstrom
,Werdann
,Wertis
,Wesley
,West
,Westbrook
,Westphal
,Wetzel
,Whaley
,Whatley
,Wheat
,Wheeler
,Whitaker
,White
,White III
,Whitehead
,Whiteside
,Whitfield
,Whitney
,Whittington
,Wicks
,Wier
,Wiesenhahn
,Wiggins
,Wilburn
,Wilcox
,Wilcutt
,Wiley
,Wilfong
,Wilkens
,Wilkerson
,Wilkes
,Wilkins
,Wilkinson
,Wilks
,Williams
,Rod Williams
,Williams III
,Williams Jr.
,Williamson
,Willis
,Willoughby
,Wilson
,Wiltjer
,Winchester
,Windis
,Windsor
,Winfield
,Wingate
,Wingfield
,Wingo
,Winkler
,Winslow
,Winter
,Winters
,Wise
,Withey
,Witte
,Wittman
,Witts
,Wohl
,Wolf
,Wolkowyski
,Wolters
,Wood
,Woods
,Woodson
,Woolridge
,Workman
,World Peace
,Worthen
,Worthy
,Wright
,Wroten
,Wynder
,Yabusele
,Ming
,Yarbrough
,Yardley
,Yates
,Yelverton
,Jianlian
,Yonakor
,Young
,Zaslofsky
,Zawoluk
,Zeller
,Zeno
,Zevenbergen
,Zhi-zhi
,Zidek
,Zimmerman
,Zipser
,Zizic
,Zoet
,Zopf
,Zubac
,Zunic